id,name,,,,target,,,objective,,,,,,sensors,,,classifiedInfo,,,,status,,description,,,,,,,,,,,,,launchDate,estimateDuration,
ORB101,Maharashtra Agriculture Survey,,,,Maharashtra,,,Monitor agricultural land and crop conditions,,,,,,Multispectral,,,Agriculture Stress Analysis Data,,,,ACTIVE,,"A detailed observation mission designed to identify crop stress, vegetation health, and agricultural land conditions across Maharashtra.",,,,,,,,,,,,,15-01-2024,30 days,
ORB102,Monsoon Monitoring,,,,Western Maharashtra,,,Track monsoon patterns and rainfall distribution,,,,,,Weather Sensor,,,High Priority Weather Monitoring Data,,,,ACTIVE,,"A high-priority weather observation mission designed to monitor monsoon activity, clouds, rainfall, and atmospheric conditions.",,,,,,,,,,,,,03-02-2024,90 days,
ORB103,National Urban Development Survey,,,,Pune,,,Monitor urban expansion and land-use change,,,,,,High-Resolution Camera,,,Urban Development Monitoring Data,,,,PLANNED,,A detailed urban observation mission designed to monitor expansion and land-use changes in major Maharashtra cities.,,,,,,,,,,,,,21-02-2024,180 days,
ORB104,Flood Damage Assessment,,,,Kolhapur,,,Assess flood-affected areas and infrastructure damage,,,,,,Synthetic Aperture Radar,,,Flood Damage Assessment Data,,,,UPCOMING,,A disaster assessment mission designed to identify flooded areas and estimate damage to agricultural land and infrastructure.,,,,,,,,,,,,,12-03-2024,45 days,
ORB105,Western Maharashtra Crop Watch,,,,Satara,,,Monitor crop health across Western Maharashtra,,,,,,Multispectral,,,Crop Health Monitoring Data,,,,ACTIVE,,A crop monitoring mission designed to assess vegetation health and identify agricultural stress across Western Maharashtra.,,,,,,,,,,,,,28-03-2024,60 days,
ORB106,Pune Urban Expansion Survey,,,,Sangli,,,Map urban expansion around Pune,,,,,,High-Resolution Camera,,,Urban Expansion Analysis Data,,,,PLANNED,,An urban mapping mission designed to monitor the expansion of Pune and surrounding developed areas.,,,,,,,,,,,,,16-04-2024,120 days,
ORB107,Kolhapur Flood Monitoring,,,,Solapur,,,Monitor flood conditions along Kolhapur river systems,,,,,,Synthetic Aperture Radar,,,Flood Monitoring Data,,,,ACTIVE,,A flood observation mission designed to monitor inundation and flood-affected regions around Kolhapur.,,,,,,,,,,,,,02-05-2024,30 days,
ORB108,Maharashtra Drought Assessment,,,,Nashik,,,Assess drought severity and affected agricultural areas,,,,,,Multispectral,,,Drought Assessment Data,,,,ACTIVE,,A drought assessment mission designed to identify drought severity and agricultural water stress across Maharashtra.,,,,,,,,,,,,,19-05-2024,90 days,
ORB109,Sugarcane Health Survey,,,,Ahmednagar,,,Monitor sugarcane crop health and vegetation stress,,,,,,Multispectral,,,Crop Health Analysis Data,,,,ACTIVE,,A crop health mission designed to monitor sugarcane and other agricultural vegetation.,,,,,,,,,,,,,07-06-2024,60 days,
ORB110,Western Ghats Forest Survey,,,,Pune,,,Monitor forest cover and vegetation in the Western Ghats,,,,,,Multispectral,,,Forest Monitoring Data,,,,ACTIVE,,A forest observation mission designed to monitor vegetation cover and changes in the Western Ghats.,,,,,,,,,,,,,25-06-2024,180 days,
ORB111,Pune Land Use Mapping,,,,Kolhapur,,,Map land-use changes around Pune,,,,,,High-Resolution Camera,,,Urban Land Use Data,,,,PLANNED,,An urban land-use mission designed to identify changes in developed and undeveloped areas around Pune.,,,,,,,,,,,,,11-07-2024,120 days,
ORB112,Maharashtra Water Resource Survey,,,,Maharashtra,,,Monitor reservoirs and water resources,,,,,,Multispectral,,,Water Resource Monitoring Data,,,,ACTIVE,,"A water-resource mission designed to monitor reservoirs, lakes, rivers, and other water bodies.",,,,,,,,,,,,,29-07-2024,90 days,
ORB113,Monsoon Cloud Tracking,,,,Western Maharashtra,,,Track monsoon cloud movement and rainfall potential,,,,,,Weather Sensor,,,Monsoon Monitoring Data,,,,ACTIVE,,A monsoon observation mission designed to track cloud systems and rainfall-producing weather.,,,,,,,,,,,,,14-08-2024,30 days,
ORB114,Agricultural Soil Monitoring,,,,Satara,,,Assess agricultural soil and vegetation conditions,,,,,,Multispectral,,,Soil and Crop Condition Data,,,,UPCOMING,,A soil and crop observation mission designed to assess agricultural field conditions.,,,,,,,,,,,,,31-08-2024,60 days,
ORB115,Pune Traffic Corridor Survey,,,,Pune,,,Monitor major transportation and urban corridors,,,,,,High-Resolution Camera,,,Urban Infrastructure Data,,,,PLANNED,,"An urban infrastructure mission designed to monitor major roads, construction, and developed corridors.",,,,,,,,,,,,,17-09-2024,120 days,
ORB116,Kolhapur Agriculture Assessment,,,,Kolhapur,,,Assess agricultural conditions in Kolhapur,,,,,,Multispectral,,,Agricultural Assessment Data,,,,ACTIVE,,An agricultural assessment mission designed to monitor crop conditions and cultivated land in Kolhapur.,,,,,,,,,,,,,04-10-2024,90 days,
ORB117,River Basin Monitoring,,,,Krishna River Basin,,,Monitor river basin water levels and changes,,,,,,Synthetic Aperture Radar,,,River Basin Monitoring Data,,,,ACTIVE,,A river-basin monitoring mission designed to observe changes in river extent and surrounding flood-prone areas.,,,,,,,,,,,,,22-10-2024,45 days,
ORB118,Maharashtra Crop Health Survey,,,,Maharashtra,,,Detect crop stress and vegetation health,,,,,,Multispectral,,,Crop Stress Detection Data,,,,ACTIVE,,A crop stress mission designed to detect vegetation stress caused by water shortage and adverse conditions.,,,,,,,,,,,,,08-11-2024,60 days,
ORB119,Urban Growth Monitoring,,,,Pune,,,Monitor expansion of urban settlements,,,,,,High-Resolution Camera,,,Urban Growth Analysis Data,,,,PLANNED,,An urban growth mission designed to identify newly developed areas and changes in settlement patterns.,,,,,,,,,,,,,26-11-2024,180 days,
ORB120,Flood Affected Area Survey,,,,Kolhapur,,,Map areas affected by flooding,,,,,,Synthetic Aperture Radar,,,Flood Impact Assessment Data,,,,UPCOMING,,A flood-impact mission designed to map inundated agricultural and residential areas after heavy rainfall.,,,,,,,,,,,,,13-12-2024,30 days,
ORB121,Western Maharashtra Irrigation Survey,,,,Western Maharashtra,,,Assess irrigation coverage and agricultural water availability,,,,,,Multispectral,,,Irrigation Monitoring Data,,,,ACTIVE,,An irrigation monitoring mission designed to assess agricultural water availability and irrigation coverage.,,,,,,,,,,,,,09-01-2025,120 days,
ORB122,Pune Green Cover Survey,,,,Pune,,,Monitor green cover in Pune,,,,,,Multispectral,,,Urban Green Cover Data,,,,PLANNED,,An urban vegetation mission designed to monitor green spaces and vegetation within Pune.,,,,,,,,,,,,,27-01-2025,90 days,
ORB123,Kolhapur River Monitoring,,,,Kolhapur,,,Monitor river conditions around Kolhapur,,,,,,Synthetic Aperture Radar,,,River Monitoring Data,,,,ACTIVE,,A river observation mission designed to monitor water extent and changes along important river systems.,,,,,,,,,,,,,14-02-2025,45 days,
ORB124,Maharashtra Rainfall Analysis,,,,Maharashtra,,,Analyze rainfall distribution across Maharashtra,,,,,,Weather Sensor,,,Rainfall Analysis Data,,,,ACTIVE,,A rainfall analysis mission designed to study spatial rainfall distribution across Maharashtra.,,,,,,,,,,,,,03-03-2025,180 days,
ORB125,Agricultural Drought Watch,,,,Marathwada,,,Monitor drought-related agricultural stress,,,,,,Multispectral,,,Drought Stress Data,,,,UPCOMING,,An agricultural drought mission designed to identify areas experiencing water and vegetation stress.,,,,,,,,,,,,,21-03-2025,90 days,
ORB126,Pune Infrastructure Survey,,,,Pune,,,Map infrastructure and land-use changes in Pune,,,,,,High-Resolution Camera,,,Infrastructure Mapping Data,,,,PLANNED,,An infrastructure mapping mission designed to monitor urban development and major built-up areas.,,,,,,,,,,,,,08-04-2025,120 days,
ORB127,Western Ghats Vegetation Survey,,,,Western Ghats,,,Monitor Western Ghats vegetation,,,,,,Multispectral,,,Forest Vegetation Data,,,,ACTIVE,,A vegetation observation mission designed to assess forest condition across the Western Ghats.,,,,,,,,,,,,,26-04-2025,180 days,
ORB128,Maharashtra Reservoir Monitoring,,,,Maharashtra,,,Track reservoir water extent,,,,,,Synthetic Aperture Radar,,,Reservoir Monitoring Data,,,,ACTIVE,,A reservoir monitoring mission designed to track seasonal changes in reservoir water extent.,,,,,,,,,,,,,14-05-2025,90 days,
ORB129,Urban Expansion Assessment,,,,Pune,,,Monitor urban growth and construction,,,,,,High-Resolution Camera,,,Urban Expansion Data,,,,PLANNED,,An urban expansion mission designed to identify changes in built-up areas around Pune and nearby regions.,,,,,,,,,,,,,01-06-2025,120 days,
ORB130,Crop Damage Assessment,,,,Kolhapur,,,Assess crop damage caused by weather events,,,,,,Multispectral,,,Crop Damage Assessment Data,,,,ACTIVE,,A crop damage mission designed to assess agricultural losses caused by floods and extreme weather.,,,,,,,,,,,,,19-06-2025,45 days,
ORB131,Pune Flood Risk Survey,,,,Pune,,,Identify flood-prone areas around Pune,,,,,,Synthetic Aperture Radar,,,Flood Risk Analysis Data,,,,UPCOMING,,A flood-risk mission designed to identify vulnerable areas around Pune.,,,,,,,,,,,,,07-07-2025,30 days,
ORB132,Kolhapur Land Monitoring,,,,Kolhapur,,,Monitor land-use changes in Kolhapur,,,,,,High-Resolution Camera,,,Land Use Monitoring Data,,,,ACTIVE,,"A land-use monitoring mission designed to detect changes in agricultural, urban, and natural land.",,,,,,,,,,,,,25-07-2025,90 days,
ORB133,Maharashtra Forest Health Survey,,,,Maharashtra,,,Assess forest health and vegetation loss,,,,,,Multispectral,,,Forest Health Data,,,,ACTIVE,,A forest health mission designed to monitor vegetation loss and changes in forest condition.,,,,,,,,,,,,,12-08-2025,180 days,
ORB134,Monsoon Intensity Monitoring,,,,Western Maharashtra,,,Monitor monsoon intensity and cloud activity,,,,,,Weather Sensor,,,Monsoon Intensity Data,,,,ACTIVE,,A monsoon monitoring mission designed to assess rainfall intensity and seasonal weather patterns.,,,,,,,,,,,,,30-08-2025,30 days,
ORB135,Agricultural Water Stress Survey,,,,Marathwada,,,Identify agricultural water stress,,,,,,Multispectral,,,Agricultural Water Stress Data,,,,UPCOMING,,An agricultural water-stress mission designed to identify crops affected by insufficient water.,,,,,,,,,,,,,17-09-2025,60 days,
ORB136,Western Maharashtra Land Survey,,,,Western Maharashtra,,,Map land-use patterns in Western Maharashtra,,,,,,High-Resolution Camera,,,Land Use and Land Cover Data,,,,PLANNED,,"A land-cover mission designed to classify agricultural, forest, urban, and barren areas.",,,,,,,,,,,,,05-10-2025,120 days,
ORB137,Pune Urban Planning Survey,,,,Pune,,,Support urban planning in Pune,,,,,,Multispectral,,,Urban Planning Data,,,,PLANNED,,An urban planning mission designed to provide updated land-use information for Pune.,,,,,,,,,,,,,23-10-2025,180 days,
ORB138,Maharashtra Coastal Monitoring,,,,Konkan,,,Monitor coastal and near-coastal environmental changes,,,,,,Multispectral,,,Coastal Environment Data,,,,UPCOMING,,A coastal observation mission designed to monitor environmental changes along Maharashtra's coastal region.,,,,,,,,,,,,,10-11-2025,90 days,
ORB139,Kolhapur Agricultural Survey,,,,Kolhapur,,,Assess agricultural land and crop conditions in Kolhapur,,,,,,Synthetic Aperture Radar,,,Agricultural Crop Data,,,,ACTIVE,,An agricultural monitoring mission designed to assess crop condition and cultivated areas in Kolhapur.,,,,,,,,,,,,,28-11-2025,60 days,
ORB140,River Flood Assessment,,,,Krishna River Basin,,,Map river flooding and affected areas,,,,,,Synthetic Aperture Radar,,,Flood Assessment Data,,,,ACTIVE,,A flood assessment mission designed to map river overflow and affected regions.,,,,,,,,,,,,,16-12-2025,45 days,
ORB141,Maharashtra Soil Moisture Survey,,,,Maharashtra,,,Measure soil moisture across agricultural regions,,,,,,Soil Moisture Sensor,,,Soil Moisture Data,,,,PLANNED,,A soil-moisture mission designed to assess moisture availability in agricultural areas.,,,,,,,,,,,,,04-01-2026,90 days,
ORB142,Pune Vegetation Monitoring,,,,Pune,,,Monitor vegetation and green spaces in Pune,,,,,,Multispectral,,,Vegetation Monitoring Data,,,,ACTIVE,,A vegetation monitoring mission designed to assess green cover and vegetation changes around Pune.,,,,,,,,,,,,,22-01-2026,60 days,
ORB143,Western Ghats Land Cover Survey,,,,Western Ghats,,,Detect changes in Western Ghats land cover,,,,,,Multispectral,,,Western Ghats Land Cover Data,,,,UPCOMING,,A Western Ghats monitoring mission designed to detect changes in forest and natural land cover.,,,,,,,,,,,,,09-02-2026,30 days,
ORB144,Monsoon Rainfall Mapping,,,,Maharashtra,,,Map monsoon rainfall patterns,,,,,,Weather Sensor,,,Rainfall Mapping Data,,,,ACTIVE,,A rainfall mapping mission designed to identify the spatial distribution of monsoon rainfall.,,,,,,,,,,,,,27-02-2026,90 days,
ORB145,Agriculture Irrigation Survey,,,,Western Maharashtra,,,Assess irrigation availability for agricultural areas,,,,,,Multispectral,,,Irrigation Assessment Data,,,,ACTIVE,,An irrigation assessment mission designed to identify irrigated agricultural areas and water availability.,,,,,,,,,,,,,17-03-2026,120 days,
ORB146,Urban Heat Monitoring,,,,Pune,,,Monitor urban temperature and heat patterns,,,,,,Thermal Infrared,,,Urban Heat Data,,,,PLANNED,,An urban heat mission designed to monitor surface temperature patterns in developed areas.,,,,,,,,,,,,,04-04-2026,180 days,
ORB147,Kolhapur Infrastructure Survey,,,,Kolhapur,,,Monitor infrastructure development in Kolhapur,,,,,,High-Resolution Camera,,,Infrastructure Monitoring Data,,,,UPCOMING,,An infrastructure monitoring mission designed to track construction and development around Kolhapur.,,,,,,,,,,,,,22-04-2026,60 days,
ORB148,Maharashtra Wetland Survey,,,,Maharashtra,,,Map wetlands and seasonal water bodies,,,,,,Multispectral,,,Wetland Monitoring Data,,,,ACTIVE,,A wetland monitoring mission designed to identify seasonal and permanent waterlogged areas.,,,,,,,,,,,,,10-05-2026,90 days,
ORB149,Pune Land Cover Assessment,,,,Pune,,,Assess land-cover changes around Pune,,,,,,High-Resolution Camera,,,Urban Land Cover Data,,,,PLANNED,,An urban land-cover mission designed to monitor changes in built-up and open spaces around Pune.,,,,,,,,,,,,,28-05-2026,120 days,
ORB150,Crop Yield Monitoring,,,,Maharashtra,,,Monitor crop growth and seasonal development,,,,,,Multispectral,,,Crop Growth Data,,,,ACTIVE,,A crop-growth mission designed to monitor seasonal crop development and vegetation condition.,,,,,,,,,,,,,15-06-2026,60 days,
ORB151,Western Maharashtra Water Survey,,,,Western Maharashtra,,,Assess water availability across Western Maharashtra,,,,,,Synthetic Aperture Radar,,,Water Availability Data,,,,ACTIVE,,A water-availability mission designed to assess surface-water resources across Western Maharashtra.,,,,,,,,,,,,,03-07-2026,180 days,
ORB152,Flood Risk Mapping,,,,Pune,,,Map areas vulnerable to flooding,,,,,,Multispectral,,,Flood Risk Data,,,,UPCOMING,,A flood-risk mission designed to identify areas vulnerable to river overflow and heavy rainfall.,,,,,,,,,,,,,21-07-2026,45 days,
ORB153,Maharashtra Forest Mapping,,,,Maharashtra,,,Monitor forest extent and changes,,,,,,Multispectral,,,Forest Mapping Data,,,,PLANNED,,A forest-mapping mission designed to monitor forest extent and vegetation changes.,,,,,,,,,,,,,08-08-2026,120 days,
ORB154,Urban Development Monitoring,,,,Pune,,,Track urban development and land conversion,,,,,,High-Resolution Camera,,,Urban Development Data,,,,ACTIVE,,An urban-development mission designed to track expansion and land conversion across Maharashtra.,,,,,,,,,,,,,26-08-2026,180 days,
ORB155,Pune Agricultural Survey,,,,Kolhapur,,,Monitor agricultural fields around Pune,,,,,,Synthetic Aperture Radar,,,Agricultural Land Data,,,,ACTIVE,,An agricultural-land mission designed to monitor cultivated areas around Pune.,,,,,,,,,,,,,13-09-2026,90 days,
ORB156,Kolhapur Water Resource Survey,,,,Western Maharashtra,,,Assess water resources in Kolhapur,,,,,,Weather Sensor,,,Water Resource Data,,,,UPCOMING,,"A water-resource mission designed to assess rivers, reservoirs, and other water resources in Kolhapur.",,,,,,,,,,,,,01-10-2026,60 days,
ORB157,Monsoon Cloud Analysis,,,,Marathwada,,,Analyze monsoon cloud development,,,,,,Multispectral,,,Monsoon Cloud Data,,,,ACTIVE,,A monsoon-cloud mission designed to monitor cloud development and rainfall potential.,,,,,,,,,,,,,19-10-2026,30 days,
ORB158,Drought Impact Assessment,,,,Maharashtra,,,Measure agricultural impacts of drought,,,,,,Multispectral,,,Drought Impact Data,,,,PLANNED,,A drought-impact mission designed to assess agricultural areas affected by prolonged water shortage.,,,,,,,,,,,,,06-11-2026,90 days,
ORB159,Maharashtra Land Degradation Survey,,,,Western Ghats,,,Identify land degradation across Maharashtra,,,,,,Multispectral,,,Land Degradation Data,,,,ACTIVE,,A land-degradation mission designed to identify areas experiencing vegetation loss and soil degradation.,,,,,,,,,,,,,24-11-2026,180 days,
ORB160,Western Ghats Forest Monitoring,,,,Pune,,,Monitor forest and vegetation changes,,,,,,High-Resolution Camera,,,Forest Change Data,,,,UPCOMING,,A forest-change mission designed to monitor changes in Western Ghats vegetation.,,,,,,,,,,,,,12-12-2026,120 days,
ORB161,Pune City Expansion Survey,,,,Maharashtra,,,Track expansion of Pune metropolitan areas,,,,,,Multispectral,,,Urban Expansion Data,,,,ACTIVE,,An urban expansion mission designed to monitor the growth of Pune metropolitan areas.,,,,,,,,,,,,,08-01-2027,90 days,
ORB162,Agriculture Field Mapping,,,,Kolhapur,,,Map agricultural fields and boundaries,,,,,,Synthetic Aperture Radar,,,Agricultural Mapping Data,,,,ACTIVE,,An agricultural mapping mission designed to identify and monitor cultivated fields.,,,,,,,,,,,,,26-01-2027,45 days,
ORB163,Kolhapur Flood Risk Assessment,,,,Maharashtra,,,Assess flood-related crop damage in Kolhapur,,,,,,Multispectral,,,Flood Damage Data,,,,PLANNED,,A flood-damage mission designed to assess crop and land damage in Kolhapur.,,,,,,,,,,,,,13-02-2027,60 days,
ORB164,Maharashtra Reservoir Survey,,,,Pune,,,Monitor reservoir extent and seasonal changes,,,,,,Thermal Infrared,,,Reservoir Data,,,,ACTIVE,,A reservoir monitoring mission designed to measure seasonal changes in water spread.,,,,,,,,,,,,,03-03-2027,180 days,
ORB165,Urban Green Space Survey,,,,Western Maharashtra,,,Map urban green spaces,,,,,,Multispectral,,,Urban Green Space Data,,,,UPCOMING,,An urban green-space mission designed to map parks and vegetation within developed areas.,,,,,,,,,,,,,21-03-2027,90 days,
ORB166,Western Maharashtra Crop Assessment,,,,Maharashtra,,,Assess crop conditions across Western Maharashtra,,,,,,Weather Sensor,,,Crop Condition Data,,,,ACTIVE,,A crop-condition mission designed to assess agricultural health across Western Maharashtra.,,,,,,,,,,,,,08-04-2027,120 days,
ORB167,Monsoon Pattern Survey,,,,Pune,,,Monitor seasonal monsoon patterns,,,,,,Multispectral,,,Monsoon Pattern Data,,,,PLANNED,,A monsoon-pattern mission designed to analyze seasonal rainfall and weather variation.,,,,,,,,,,,,,26-04-2027,30 days,
ORB168,Pune Water Body Monitoring,,,,Kolhapur,,,Track water bodies around Pune,,,,,,High-Resolution Camera,,,Water Body Data,,,,ACTIVE,,"A water-body mission designed to monitor lakes, reservoirs, and rivers around Pune.",,,,,,,,,,,,,14-05-2027,60 days,
ORB169,Maharashtra Irrigation Mapping,,,,Maharashtra,,,Map irrigation infrastructure and water availability,,,,,,Synthetic Aperture Radar,,,Irrigation Mapping Data,,,,UPCOMING,,An irrigation mapping mission designed to identify irrigation infrastructure and agricultural water sources.,,,,,,,,,,,,,01-06-2027,90 days,
ORB170,Kolhapur Land Use Survey,,,,Western Ghats,,,Monitor land-use patterns around Kolhapur,,,,,,Multispectral,,,Land Use Data,,,,ACTIVE,,"A land-use mission designed to monitor agricultural, urban, forest, and other land categories around Kolhapur.",,,,,,,,,,,,,19-06-2027,180 days,
ORB171,Agricultural Flood Damage Survey,,,,Pune,,,Assess agricultural areas affected by floods,,,,,,Multispectral,,,Agricultural Flood Damage Data,,,,PLANNED,,An agricultural flood-damage mission designed to identify crops affected by flood inundation.,,,,,,,,,,,,,07-07-2027,45 days,
ORB172,Western Ghats Biodiversity Survey,,,,Maharashtra,,,Monitor biodiversity-related vegetation changes,,,,,,High-Resolution Camera,,,Biodiversity Vegetation Data,,,,ACTIVE,,A biodiversity mission designed to monitor vegetation and natural habitats in the Western Ghats.,,,,,,,,,,,,,25-07-2027,120 days,
ORB173,Urban Infrastructure Monitoring,,,,Pune,,,Track urban infrastructure development,,,,,,Multispectral,,,Urban Infrastructure Data,,,,ACTIVE,,An urban infrastructure mission designed to track changes in developed areas and infrastructure.,,,,,,,,,,,,,12-08-2027,90 days,
ORB174,Maharashtra Crop Condition Survey,,,,Western Maharashtra,,,Assess crop condition and vegetation health,,,,,,Weather Sensor,,,Crop Condition Data,,,,UPCOMING,,A crop-condition mission designed to identify vegetation stress and changes in agricultural productivity.,,,,,,,,,,,,,30-08-2027,60 days,
ORB175,Pune Rainfall Monitoring,,,,Kolhapur,,,Monitor rainfall around Pune,,,,,,Multispectral,,,Rainfall Monitoring Data,,,,PLANNED,,A rainfall monitoring mission designed to track rainfall patterns around Pune.,,,,,,,,,,,,,17-09-2027,30 days,
ORB176,Western Maharashtra Drought Survey,,,,Krishna River Basin,,,Assess drought conditions in Western Maharashtra,,,,,,Multispectral,,,Drought Monitoring Data,,,,ACTIVE,,A drought monitoring mission designed to identify water-stressed regions across Western Maharashtra.,,,,,,,,,,,,,05-10-2027,180 days,
ORB177,Kolhapur Vegetation Survey,,,,Maharashtra,,,Monitor vegetation cover in Kolhapur,,,,,,Synthetic Aperture Radar,,,Vegetation Data,,,,ACTIVE,,A vegetation monitoring mission designed to assess green cover and agricultural vegetation in Kolhapur.,,,,,,,,,,,,,23-10-2027,90 days,
ORB178,River Basin Damage Assessment,,,,Pune,,,Assess damage within river basins,,,,,,Soil Moisture Sensor,,,River Basin Damage Data,,,,UPCOMING,,A river-basin damage mission designed to assess flood-related impacts in river basin regions.,,,,,,,,,,,,,10-11-2027,120 days,
ORB179,Maharashtra Soil Condition Survey,,,,Western Maharashtra,,,Monitor soil condition and moisture,,,,,,High-Resolution Camera,,,Soil Condition Data,,,,ACTIVE,,A soil-condition mission designed to monitor agricultural soil moisture and vegetation conditions.,,,,,,,,,,,,,28-11-2027,60 days,
ORB180,Urban Expansion Mapping,,,,Pune,,,Map urban expansion,,,,,,Multispectral,,,Urban Expansion Data,,,,PLANNED,,An urban expansion mission designed to detect newly developed areas.,,,,,,,,,,,,,16-12-2027,45 days,
ORB181,Agricultural Water Availability Survey,,,,Western Ghats,,,Assess water availability for agriculture,,,,,,Synthetic Aperture Radar,,,Agricultural Water Data,,,,ACTIVE,,An agricultural water mission designed to assess water availability for cultivated land.,,,,,,,,,,,,,03-01-2028,90 days,
ORB182,Pune Flood Monitoring,,,,Kolhapur,,,Monitor flood conditions around Pune,,,,,,Multispectral,,,Flood Monitoring Data,,,,UPCOMING,,A flood monitoring mission designed to identify inundated areas around Pune.,,,,,,,,,,,,,21-01-2028,180 days,
ORB183,Western Ghats Land Degradation Survey,,,,Maharashtra,,,Detect land degradation in the Western Ghats,,,,,,High-Resolution Camera,,,Land Degradation Data,,,,ACTIVE,,A land-degradation mission designed to detect changes in natural and agricultural land in the Western Ghats.,,,,,,,,,,,,,08-02-2028,120 days,
ORB184,Kolhapur Crop Monitoring,,,,Pune,,,Monitor crop growth in Kolhapur,,,,,,Weather Sensor,,,Crop Monitoring Data,,,,PLANNED,,A crop monitoring mission designed to assess agricultural conditions around Kolhapur.,,,,,,,,,,,,,26-02-2028,60 days,
ORB185,Maharashtra Monsoon Analysis,,,,Pune,,,Analyze monsoon behavior across Maharashtra,,,,,,Thermal Infrared,,,Monsoon Analysis Data,,,,ACTIVE,,A monsoon analysis mission designed to study rainfall and seasonal weather behavior across Maharashtra.,,,,,,,,,,,,,15-03-2028,30 days,
ORB186,Urban Heat Island Survey,,,,Western Ghats,,,Monitor urban heat island effects,,,,,,Multispectral,,,Urban Heat Island Data,,,,UPCOMING,,An urban heat-island mission designed to identify high-temperature zones within developed areas.,,,,,,,,,,,,,02-04-2028,90 days,
ORB187,Pune Green Cover Assessment,,,,Kolhapur,,,Assess green cover in Pune,,,,,,High-Resolution Camera,,,Green Cover Data,,,,PLANNED,,A green-cover mission designed to assess vegetation and green spaces around Pune.,,,,,,,,,,,,,20-04-2028,180 days,
ORB188,Agriculture Land Change Survey,,,,Maharashtra,,,Detect agricultural land-use changes,,,,,,Multispectral,,,Agricultural Land Change Data,,,,ACTIVE,,An agricultural land-change mission designed to detect conversion of cultivated land.,,,,,,,,,,,,,08-05-2028,120 days,
ORB189,Western Maharashtra Reservoir Survey,,,,Pune,,,Monitor reservoirs in Western Maharashtra,,,,,,Synthetic Aperture Radar,,,Reservoir Monitoring Data,,,,ACTIVE,,A reservoir monitoring mission designed to track water storage across Western Maharashtra.,,,,,,,,,,,,,26-05-2028,60 days,
ORB190,Kolhapur Rainfall Analysis,,,,Pune,,,Analyze rainfall patterns in Kolhapur,,,,,,Weather Sensor,,,Rainfall Analysis Data,,,,UPCOMING,,A rainfall analysis mission designed to study rainfall distribution around Kolhapur.,,,,,,,,,,,,,13-06-2028,45 days,
ORB191,Maharashtra Flood Damage Survey,,,,Western Maharashtra,,,Assess flood damage across Maharashtra,,,,,,Synthetic Aperture Radar,,,Flood Damage Data,,,,PLANNED,,A flood-damage mission designed to assess affected agricultural and developed areas.,,,,,,,,,,,,,01-07-2028,90 days,
ORB192,Pune Urban Development Monitoring,,,,Kolhapur,,,Monitor urban development around Pune,,,,,,High-Resolution Camera,,,Urban Development Data,,,,ACTIVE,,An urban-development mission designed to monitor expansion and infrastructure changes around Pune.,,,,,,,,,,,,,19-07-2028,180 days,
ORB193,Western Ghats Vegetation Assessment,,,,Maharashtra,,,Assess vegetation changes in the Western Ghats,,,,,,Multispectral,,,Forest Vegetation Data,,,,UPCOMING,,A forest-vegetation mission designed to assess changes in Western Ghats vegetation.,,,,,,,,,,,,,06-08-2028,120 days,
ORB194,Crop Stress Monitoring,,,,Pune,,,Detect crop stress,,,,,,Thermal Infrared,,,Crop Stress Data,,,,ACTIVE,,A crop-stress mission designed to identify agricultural areas affected by environmental stress.,,,,,,,,,,,,,24-08-2028,60 days,
ORB195,Maharashtra Water Availability Survey,,,,Western Ghats,,,Monitor agricultural water availability,,,,,,Multispectral,,,Agricultural Water Availability Data,,,,PLANNED,,An agricultural water-availability mission designed to assess water resources for crop cultivation.,,,,,,,,,,,,,11-09-2028,30 days,
ORB196,Kolhapur Land Cover Monitoring,,,,Maharashtra,,,Track land-cover changes in Kolhapur,,,,,,Synthetic Aperture Radar,,,Land Cover Data,,,,ACTIVE,,"A land-cover mission designed to monitor changes in agricultural, urban, and natural areas around Kolhapur.",,,,,,,,,,,,,29-09-2028,90 days,
ORB197,Monsoon Impact Assessment,,,,Kolhapur,,,Assess the effects of monsoon events,,,,,,Multispectral,,,Monsoon Impact Data,,,,UPCOMING,,A monsoon-impact mission designed to assess the effects of heavy rainfall and monsoon events.,,,,,,,,,,,,,17-10-2028,180 days,
ORB198,Communicator of maharashtra,,,,Maharashtra,,,Improving communication,,,,,,Synthetic Aperture Radar,,,communicating with other contries,,,,ACTIVE,,"A land-cover mission designed to monitor changes in agricultural, urban, and natural areas around Kolhapur.",,,,,,,,,,,,,04-11-2028,120 days,
ORB199,Observing maharashtra,,,,Maharashtra,,,Observing earth,,,,,,High-Resolution Camera,,,Observing native people location,,,,PLANNED,,A navigation classified system for peoples location and tracking there movement,,,,,,,,,,,,,22-11-2028,60 days,
ORB200,Wheather for crops,,,,Nashik,,,Wheather monitoring for crops.,,,,,,Multispectral,,,Info only for farmers,,,,ACTIVE,,Info for crop specalish and farmers for furthur crop grownth,,,,,,,,,,,,,11-09-2028,45 days,
