"id,name,,type,,battery,description,,,,,,,,,orbit,launchDate,opratorName,,missionPurpose,,,,,sensorType,,resolution,,temperature,,humidity,bandwidth,,aiModel,"
"SAT001,AgriWatch-4,,Earth Observation,,""550,94"",Agriculture monitoring satellite used to study crop and land conditions.,,,,,,,,,LEO,15-01-2024,ISRO,,Crop and land condition monitoring,,,,,Multispectral,,10 m,,22,,45,150,,CNN,"
"SAT002,WeatherEye-7,,Weather,,""700,88"",Weather monitoring satellite designed to observe atmospheric conditions.,,,,,,,,,LEO,03-02-2024,NOAA,,Atmospheric and weather monitoring,,,,,Infrared,,2 km,,18,,72,120,,LSTM,"
"SAT003,ComNet-12,,Communication,,""36000,91"",Communication satellite providing high-bandwidth connectivity.,,,,,,,,,GEO,21-02-2024,NASA,,High-bandwidth communication,,,,,RF,,N/A,,28,,55,5000,,Transformer,"
"SAT004,SmartESO-1,,Smart Satellite,,""600,97"",Smart satellite designed for intelligent onboard data analysis.,,,,,,,,,LEO,12-03-2024,ESA,,Intelligent onboard data analysis,,,,,Hyperspectral,,5 m,,20,,48,300,,YOLO,"
"SAT005,GeoVision-3,,Earth Observation,,""800,93"",Earth observation satellite used for high-resolution surface imaging.,,,,,,,,,LEO,28-03-2024,JAXA,,Earth surface imaging,,,,,Optical,,5 m,,24,,42,200,,CNN,"
"SAT006,TerraScan-8,,Earth Observation,,""1200,89"",Earth observation satellite monitoring land use and environmental changes.,,,,,,,,,LEO,16-04-2024,ISRO,,Land use and terrain monitoring,,,,,Optical,,3 m,,23,,46,250,,ResNet,"
"SAT007,CloudGuard-5,,Weather,,""900,92"",""Weather satellite tracking clouds, rainfall, and atmospheric patterns."",,,,,,,,,LEO,02-05-2024,NOAA,,Cloud and rainfall observation,,,,,Infrared,,1 km,,17,,75,180,,LSTM,"
"SAT008,SkyLink-21,,Communication,,""42000,90"",Communication satellite providing long-distance wireless communication.,,,,,,,,,GEO,19-05-2024,SpaceX,,Global telecommunications,,,,,RF,,N/A,,30,,52,6000,,Transformer,"
"SAT009,OceanView-6,,Earth Observation,,""1100,95"",Earth observation satellite monitoring oceans and coastal regions.,,,,,,,,,LEO,07-06-2024,NASA,,Ocean and coastal monitoring,,,,,Multispectral,,10 m,,25,,68,220,,CNN,"
"SAT010,EarthSense-9,,Earth Observation,,""950,91"",Earth observation satellite collecting data about Earth's surface and terrain.,,,,,,,,,LEO,25-06-2024,ESA,,Earth surface observation,,,,,Optical,,4 m,,21,,44,180,,ViT,"
"SAT011,AgriScope-11,,Earth Observation,,""750,94"",Earth observation satellite designed for agricultural monitoring and crop assessment.,,,,,,,,,LEO,11-07-2024,ISRO,,Crop health assessment,,,,,Multispectral,,5 m,,23,,50,200,,CNN,"
"SAT012,StormTrack-2,,Weather,,""850,87"",Weather satellite designed to track severe storms and weather systems.,,,,,,,,,LEO,29-07-2024,NOAA,,Storm and cyclone tracking,,,,,Radar,,20 m,,16,,78,250,,LSTM,"
"SAT013,ComStar-15,,Communication,,""38000,92"",Communication satellite providing reliable data transmission services.,,,,,,,,,GEO,14-08-2024,SpaceX,,Data and voice communication,,,,,RF,,N/A,,29,,54,7000,,Transformer,"
"SAT014,SmartOrbit-4,,Smart Satellite,,""650,98"",Smart satellite capable of intelligent data processing and autonomous operations.,,,,,,,,,LEO,31-08-2024,NASA,,Autonomous satellite operations,,,,,Hyperspectral,,6 m,,20,,47,350,,YOLO,"
"SAT015,LandMapper-7,,Earth Observation,,""1050,90"",Earth observation satellite used for detailed land mapping.,,,,,,,,,LEO,17-09-2024,ESA,,Detailed land mapping,,,,,Optical,,3 m,,22,,43,230,,ResNet,"
"SAT016,AquaWatch-3,,Earth Observation,,""1150,93"",Earth observation satellite monitoring water bodies and aquatic resources.,,,,,,,,,LEO,04-10-2024,ISRO,,Water resource monitoring,,,,,Multispectral,,10 m,,25,,70,210,,CNN,"
"SAT017,ClimateEye-10,,Weather,,""780,89"",""Weather satellite observing rainfall, temperature, and atmospheric conditions."",,,,,,,,,LEO,22-10-2024,NOAA,,Climate and atmospheric observation,,,,,Infrared,,1 km,,19,,73,190,,LSTM,"
"SAT018,GlobalLink-18,,Communication,,""45000,91"",Communication satellite providing global communication connectivity.,,,,,,,,,GEO,08-11-2024,SpaceX,,Global connectivity,,,,,RF,,N/A,,31,,50,8000,,Transformer,"
"SAT019,GeoSense-12,,Earth Observation,,""1000,94"",Earth observation satellite collecting environmental and geographical data.,,,,,,,,,LEO,26-11-2024,NASA,,Geographic and environmental monitoring,,,,,Optical,,5 m,,24,,45,240,,ViT,"
"SAT020,TerraWatch-5,,Earth Observation,,""900,92"",Earth observation satellite designed for terrain and land monitoring.,,,,,,,,,LEO,13-12-2024,ESA,,Terrain and land analysis,,,,,Radar,,10 m,,23,,48,270,,CNN,"
"SAT021,CropVision-6,,Earth Observation,,""820,95"",Earth observation satellite analyzing crop health and vegetation.,,,,,,,,,LEO,09-01-2025,ISRO,,Agricultural crop monitoring,,,,,Multispectral,,5 m,,22,,52,200,,ResNet,"
"SAT022,RainGuard-9,,Weather,,""700,88"",Weather satellite monitoring rainfall and precipitation patterns.,,,,,,,,,LEO,27-01-2025,NOAA,,Rainfall and precipitation monitoring,,,,,Radar,,15 m,,17,,80,220,,LSTM,"
"SAT023,TeleCom-X1,,Communication,,""40000,90"",Communication satellite designed for high-speed telecommunications.,,,,,,,,,GEO,14-02-2025,SpaceX,,High-speed telecommunications,,,,,RF,,N/A,,30,,53,7500,,Transformer,"
"SAT024,SmartSat-8,,Smart Satellite,,""620,97"",Smart satellite supporting intelligent sensing and onboard analytics.,,,,,,,,,LEO,03-03-2025,NASA,,Intelligent sensing and decision making,,,,,Hyperspectral,,5 m,,21,,49,320,,YOLO,"
"SAT025,ForestScan-14,,Earth Observation,,""1250,91"",Earth observation satellite monitoring forests and vegetation.,,,,,,,,,LEO,21-03-2025,ESA,,Forest and vegetation monitoring,,,,,Multispectral,,10 m,,23,,65,210,,CNN,"
"SAT026,OceanGuard-4,,Earth Observation,,""1080,93"",""Earth observation satellite observing oceans, coastlines, and marine environments."",,,,,,,,,LEO,08-04-2025,ISRO,,Marine and ocean observation,,,,,Radar,,20 m,,26,,71,260,,ResNet,"
"SAT027,WeatherNet-11,,Weather,,""880,89"",Weather satellite monitoring atmospheric conditions and weather patterns.,,,,,,,,,LEO,26-04-2025,NOAA,,Weather pattern monitoring,,,,,Infrared,,1 km,,18,,76,180,,LSTM,"
"SAT028,DataLink-22,,Communication,,""47000,92"",Communication satellite providing high-speed data transmission.,,,,,,,,,GEO,14-05-2025,SpaceX,,High-speed data transmission,,,,,RF,,N/A,,29,,51,6500,,Transformer,"
"SAT029,EarthMapper-16,,Earth Observation,,""1150,94"",Earth observation satellite used for detailed Earth mapping.,,,,,,,,,LEO,01-06-2025,NASA,,Earth mapping and imaging,,,,,Optical,,3 m,,22,,44,230,,ViT,"
"SAT030,GeoEye-19,,Earth Observation,,""980,90"",Earth observation satellite capturing high-resolution images of the planet.,,,,,,,,,LEO,19-06-2025,ESA,,High-resolution Earth imaging,,,,,Optical,,1 m,,21,,43,300,,CNN,"
"SAT031,AgriSense-13,,Earth Observation,,""760,95"",Earth observation satellite designed to monitor agricultural conditions.,,,,,,,,,LEO,07-07-2025,ISRO,,Agricultural condition monitoring,,,,,Multispectral,,5 m,,24,,53,220,,ResNet,"
"SAT032,StormEye-6,,Weather,,""920,87"",Weather satellite detecting and tracking storms and cyclones.,,,,,,,,,LEO,25-07-2025,NOAA,,Severe storm detection,,,,,Radar,,10 m,,15,,82,280,,LSTM,"
"SAT033,ComWave-17,,Communication,,""35000,91"",Communication satellite supporting wireless data and voice communication.,,,,,,,,,GEO,12-08-2025,SpaceX,,Wireless communication,,,,,RF,,N/A,,30,,55,7000,,Transformer,"
"SAT034,SmartView-2,,Smart Satellite,,""680,98"",Smart satellite designed for intelligent observation and autonomous analysis.,,,,,,,,,LEO,30-08-2025,NASA,,Intelligent image analysis,,,,,Hyperspectral,,4 m,,20,,48,340,,YOLO,"
"SAT035,TerraVision-20,,Earth Observation,,""1300,92"",""Earth observation satellite monitoring terrain, vegetation, and surface changes."",,,,,,,,,LEO,17-09-2025,ESA,,Land and vegetation observation,,,,,Optical,,2 m,,23,,45,280,,ViT,"
"SAT036,AquaSense-8,,Earth Observation,,""1180,94"",Earth observation satellite studying water resources and aquatic environments.,,,,,,,,,LEO,05-10-2025,ISRO,,Water body monitoring,,,,,Multispectral,,10 m,,26,,72,220,,CNN,"
"SAT037,ClimateWatch-15,,Weather,,""850,90"",Weather satellite analyzing climate and atmospheric conditions.,,,,,,,,,LEO,23-10-2025,NOAA,,Climate analysis,,,,,Infrared,,1 km,,18,,74,200,,LSTM,"
"SAT038,GlobalCom-24,,Communication,,""52000,91"",Communication satellite providing global telecommunications services.,,,,,,,,,GEO,10-11-2025,SpaceX,,Global communication services,,,,,RF,,N/A,,31,,49,8500,,Transformer,"
"SAT039,LandScan-10,,Earth Observation,,""1050,93"",Earth observation satellite used for land surveying and mapping.,,,,,,,,,LEO,28-11-2025,NASA,,Land surveying and mapping,,,,,Optical,,5 m,,24,,46,240,,ResNet,"
"SAT040,SkyVision-7,,Earth Observation,,""900,89"",Earth observation satellite providing wide-area surface imagery.,,,,,,,,,LEO,16-12-2025,ESA,,Wide-area Earth imaging,,,,,Multispectral,,8 m,,22,,47,210,,CNN,"
"SAT041,CropGuard-18,,Earth Observation,,""800,95"",Earth observation satellite monitoring crops and agricultural fields.,,,,,,,,,LEO,04-01-2026,ISRO,,Crop growth monitoring,,,,,Multispectral,,5 m,,23,,55,230,,YOLO,"
"SAT042,RainWatch-12,,Weather,,""950,88"",Weather satellite observing rainfall and atmospheric changes.,,,,,,,,,LEO,22-01-2026,NOAA,,Rainfall observation,,,,,Radar,,12 m,,17,,81,240,,LSTM,"
"SAT043,ComLink-31,,Communication,,""42000,92"",Communication satellite providing reliable orbital communication services.,,,,,,,,,GEO,09-02-2026,SpaceX,,Orbital communication,,,,,RF,,N/A,,30,,52,7200,,Transformer,"
"SAT044,SmartOrb-5,,Smart Satellite,,""640,97"",Smart satellite performing onboard data analysis and intelligent operations.,,,,,,,,,LEO,27-02-2026,NASA,,Autonomous data processing,,,,,Hyperspectral,,6 m,,21,,50,360,,CNN,"
"SAT045,ForestEye-9,,Earth Observation,,""1100,91"",Earth observation satellite monitoring forest ecosystems.,,,,,,,,,LEO,17-03-2026,ESA,,Forest ecosystem monitoring,,,,,Multispectral,,10 m,,22,,67,220,,ResNet,"
"SAT046,OceanScan-13,,Earth Observation,,""1250,94"",Earth observation satellite studying marine and ocean environments.,,,,,,,,,LEO,04-04-2026,ISRO,,Ocean surface observation,,,,,Radar,,15 m,,25,,73,280,,LSTM,"
"SAT047,WeatherScope-16,,Weather,,""920,90"",Weather satellite monitoring atmospheric conditions and weather patterns.,,,,,,,,,LEO,22-04-2026,NOAA,,Atmospheric condition monitoring,,,,,Infrared,,1 km,,19,,75,190,,Transformer,"
"SAT048,DataStar-27,,Communication,,""48000,93"",Communication satellite providing high-capacity data connectivity.,,,,,,,,,GEO,10-05-2026,SpaceX,,High-capacity data connectivity,,,,,RF,,N/A,,29,,54,6800,,ViT,"
"SAT049,EarthWatch-21,,Earth Observation,,""1150,95"",Earth observation satellite monitoring environmental changes across Earth.,,,,,,,,,LEO,28-05-2026,NASA,,Environmental change monitoring,,,,,Optical,,4 m,,23,,48,260,,CNN,"
"SAT050,GeoMapper-6,,Earth Observation,,""1000,89"",Earth observation satellite designed for geographic mapping.,,,,,,,,,LEO,15-06-2026,ESA,,Geographic mapping,,,,,Optical,,3 m,,22,,45,250,,ResNet,"
"SAT051,AgriVision-22,,Earth Observation,,""850,92"",Earth observation satellite analyzing crop growth and vegetation health.,,,,,,,,,LEO,03-07-2026,ISRO,,Crop health and vegetation analysis,,,,,Multispectral,,5 m,,24,,57,230,,LSTM,"
"SAT052,StormGuard-14,,Weather,,""780,88"",Weather satellite monitoring storms and extreme weather.,,,,,,,,,LEO,21-07-2026,NOAA,,Storm monitoring and analysis,,,,,Radar,,10 m,,16,,83,300,,Transformer,"
"SAT053,ComSphere-19,,Communication,,""39000,91"",Communication satellite providing secure data communication.,,,,,,,,,GEO,08-08-2026,SpaceX,,Secure communication,,,,,RF,,N/A,,31,,51,9000,,YOLO,"
"SAT054,SmartEye-11,,Smart Satellite,,""700,98"",Smart satellite using intelligent systems for onboard decision-making.,,,,,,,,,LEO,26-08-2026,NASA,,Intelligent onboard decision making,,,,,Hyperspectral,,4 m,,20,,49,380,,CNN,"
"SAT055,TerraSense-25,,Earth Observation,,""1350,93"",Earth observation satellite monitoring land surfaces and environmental conditions.,,,,,,,,,LEO,13-09-2026,ESA,,Land surface monitoring,,,,,Optical,,3 m,,23,,69,270,,ResNet,"
"SAT056,AquaVision-17,,Earth Observation,,""1200,90"",Earth observation satellite observing water bodies and coastal regions.,,,,,,,,,LEO,01-10-2026,ISRO,,Water resource observation,,,,,Multispectral,,10 m,,26,,74,230,,LSTM,"
"SAT057,ClimateScan-8,,Weather,,""950,94"",Weather satellite studying climate and atmospheric patterns.,,,,,,,,,LEO,19-10-2026,NOAA,,Climate pattern analysis,,,,,Infrared,,1 km,,18,,77,210,,Transformer,"
"SAT058,GlobalNet-32,,Communication,,""55000,92"",Communication satellite providing global network connectivity.,,,,,,,,,GEO,06-11-2026,SpaceX,,Global network connectivity,,,,,RF,,N/A,,30,,53,8200,,ViT,"
"SAT059,LandWatch-13,,Earth Observation,,""1100,91"",Earth observation satellite monitoring land and terrain conditions.,,,,,,,,,LEO,24-11-2026,NASA,,Land cover monitoring,,,,,Optical,,5 m,,24,,47,240,,CNN,"
"SAT060,SkyMapper-10,,Earth Observation,,""980,95"",Earth observation satellite used for detailed surface mapping.,,,,,,,,,LEO,12-12-2026,ESA,,Surface mapping,,,,,Multispectral,,6 m,,22,,46,260,,YOLO,"
"SAT061,CropSense-24,,Earth Observation,,""900,89"",Earth observation satellite analyzing agricultural and crop conditions.,,,,,,,,,LEO,08-01-2027,ISRO,,Agricultural field analysis,,,,,Radar,,5 m,,23,,56,250,,LSTM,"
"SAT062,RainEye-7,,Weather,,""820,93"",Weather satellite observing rainfall and weather patterns.,,,,,,,,,LEO,26-01-2027,NOAA,,Rainfall detection,,,,,RF,,15 m,,17,,82,250,,Transformer,"
"SAT063,ComSat-28,,Communication,,""43000,90"",Communication satellite designed for orbital communication services.,,,,,,,,,GEO,13-02-2027,SpaceX,,Satellite communication,,,,,Hyperspectral,,N/A,,29,,50,7600,,CNN,"
"SAT064,SmartScan-16,,Smart Satellite,,""660,97"",Smart satellite performing intelligent scanning and data analysis.,,,,,,,,,LEO,03-03-2027,NASA,,Intelligent scanning and data analysis,,,,,Multispectral,,5 m,,21,,51,390,,ResNet,"
"SAT065,ForestWatch-12,,Earth Observation,,""1280,92"",Earth observation satellite monitoring forests and vegetation cover.,,,,,,,,,LEO,21-03-2027,ESA,,Forest cover monitoring,,,,,Optical,,10 m,,22,,70,220,,LSTM,"
"SAT066,OceanEye-5,,Earth Observation,,""1150,94"",Earth observation satellite observing ocean and coastal conditions.,,,,,,,,,LEO,08-04-2027,ISRO,,Ocean and marine observation,,,,,Infrared,,8 m,,25,,75,290,,Transformer,"
"SAT067,WeatherVision-20,,Weather,,""1000,88"",Weather satellite monitoring atmospheric and meteorological conditions.,,,,,,,,,LEO,26-04-2027,NOAA,,Atmospheric weather imaging,,,,,RF,,1 km,,18,,78,200,,YOLO,"
"SAT068,DataNet-35,,Communication,,""51000,91"",Communication satellite supporting high-speed data networks.,,,,,,,,,GEO,14-05-2027,SpaceX,,High-speed network communication,,,,,Optical,,N/A,,30,,52,8800,,ViT,"
"SAT069,EarthScope-18,,Earth Observation,,""1200,93"",Earth observation satellite studying Earth's surface and environmental changes.,,,,,,,,,LEO,01-06-2027,NASA,,Earth surface monitoring,,,,,Radar,,4 m,,23,,46,270,,CNN,"
"SAT070,GeoWatch-23,,Earth Observation,,""1050,90"",Earth observation satellite monitoring terrain and geographical features.,,,,,,,,,LEO,19-06-2027,ESA,,Geographic feature monitoring,,,,,Multispectral,,10 m,,22,,49,280,,ResNet,"
"SAT071,AgriMapper-15,,Earth Observation,,""880,95"",Earth observation satellite designed for agricultural mapping.,,,,,,,,,LEO,07-07-2027,ISRO,,Agricultural land mapping,,,,,Radar,,5 m,,24,,58,250,,LSTM,"
"SAT072,StormSense-9,,Weather,,""960,89"",Weather satellite detecting atmospheric changes and severe weather.,,,,,,,,,LEO,25-07-2027,NOAA,,Storm analysis and tracking,,,,,RF,,12 m,,15,,84,310,,Transformer,"
"SAT073,ComVision-26,,Communication,,""37000,92"",Communication satellite providing high-bandwidth connectivity.,,,,,,,,,GEO,12-08-2027,SpaceX,,Global communication,,,,,Hyperspectral,,N/A,,31,,54,7800,,CNN,"
"SAT074,SmartLink-7,,Smart Satellite,,""720,98"",Smart satellite capable of intelligent data processing.,,,,,,,,,LEO,30-08-2027,NASA,,Intelligent network and data processing,,,,,Optical,,6 m,,20,,52,400,,YOLO,"
"SAT075,TerraEye-28,,Earth Observation,,""1400,91"",Earth observation satellite monitoring land and surface conditions.,,,,,,,,,LEO,17-09-2027,ESA,,Terrain observation,,,,,Multispectral,,2 m,,23,,68,290,,LSTM,"
"SAT076,AquaMapper-11,,Earth Observation,,""1250,94"",Earth observation satellite mapping water resources and aquatic regions.,,,,,,,,,LEO,05-10-2027,ISRO,,Water resource mapping,,,,,Infrared,,10 m,,26,,76,240,,Transformer,"
"SAT077,ClimateGuard-19,,Weather,,""980,90"",Weather satellite monitoring climate and atmospheric conditions.,,,,,,,,,LEO,23-10-2027,NOAA,,Climate monitoring,,,,,RF,,1 km,,18,,79,220,,ViT,"
"SAT078,GlobalEye-30,,Communication,,""58000,93"",Communication satellite providing global communication services.,,,,,,,,,GEO,10-11-2027,SpaceX,,Global connectivity,,,,,Optical,,N/A,,30,,51,9200,,CNN,"
"SAT079,LandVision-17,,Earth Observation,,""1150,95"",Earth observation satellite monitoring land cover and environmental changes.,,,,,,,,,LEO,28-11-2027,NASA,,Land imaging,,,,,Multispectral,,3 m,,24,,48,280,,ResNet,"
"SAT080,SkySense-14,,Earth Observation,,""1020,88"",Earth observation satellite analyzing vegetation and agricultural areas.,,,,,,,,,LEO,16-12-2027,ESA,,Earth sensing,,,,,Radar,,5 m,,22,,50,270,,LSTM,"
"SAT081,CropWatch-29,,Earth Observation,,""900,92"",Weather satellite tracking rainfall and atmospheric conditions.,,,,,,,,,LEO,03-01-2028,ISRO,,Crop observation,,,,,RF,,5 m,,23,,59,250,,Transformer,"
"SAT082,RainScan-10,,Weather,,""850,89"",Communication satellite supporting reliable orbital communication.,,,,,,,,,LEO,21-01-2028,NOAA,,Rainfall scanning,,,,,Hyperspectral,,15 m,,17,,83,260,,YOLO,"
"SAT083,ComOrbit-33,,Communication,,""46000,91"",Smart satellite providing intelligent network and data processing capabilities.,,,,,,,,,GEO,08-02-2028,SpaceX,,Orbital communication,,,,,Multispectral,,N/A,,29,,53,8100,,CNN,"
"SAT084,SmartNet-12,,Smart Satellite,,""680,97"",Earth observation satellite monitoring forest regions and vegetation.,,,,,,,,,LEO,26-02-2028,NASA,,Intelligent network management,,,,,Radar,,5 m,,21,,54,420,,ResNet,"
"SAT085,ForestMapper-16,,Earth Observation,,""1320,93"",Earth observation satellite studying oceans and marine environments.,,,,,,,,,LEO,15-03-2028,ESA,,Forest mapping,,,,,Infrared,,10 m,,22,,71,230,,LSTM,"
"SAT086,OceanSense-9,,Earth Observation,,""1180,90"",Weather satellite designed for detailed atmospheric observation.,,,,,,,,,LEO,02-04-2028,ISRO,,Ocean analysis,,,,,RF,,20 m,,25,,77,300,,Transformer,"
"SAT087,WeatherMapper-25,,Weather,,""1080,94"",Communication satellite providing high-speed data connectivity.,,,,,,,,,LEO,20-04-2028,NOAA,,Weather mapping,,,,,Optical,,1 km,,19,,80,210,,ViT,"
"SAT088,DataLink-41,,Communication,,""53000,92"",Earth observation satellite collecting detailed surface imagery.,,,,,,,,,GEO,08-05-2028,SpaceX,,High-speed data communication,,,,,Optical,,N/A,,30,,55,9000,,CNN,"
"SAT089,EarthEye-22,,Earth Observation,,""1250,91"",Earth observation satellite monitoring geographic and environmental conditions.,,,,,,,,,LEO,26-05-2028,NASA,,Earth imaging,,,,,Multispectral,,2 m,,23,,49,300,,ResNet,"
"SAT090,GeoVision-31,,Earth Observation,,""1100,95"",Earth observation satellite studying agricultural land and crop health.,,,,,,,,,LEO,13-06-2028,ESA,,Geographic imaging,,,,,Radar,,3 m,,22,,47,290,,LSTM,"
"SAT091,AgriWatch-27,,Earth Observation,,""950,89"",Weather satellite monitoring storms and atmospheric activity.,,,,,,,,,LEO,01-07-2028,ISRO,,Agricultural monitoring,,,,,RF,,5 m,,24,,60,260,,Transformer,"
"SAT092,StormMapper-13,,Weather,,""900,93"",Communication satellite providing secure high-capacity communication.,,,,,,,,,LEO,19-07-2028,NOAA,,Storm mapping,,,,,Hyperspectral,,10 m,,16,,85,320,,YOLO,"
"SAT093,ComGuard-38,,Communication,,""40000,90"",Smart satellite performing intelligent image processing and analysis.,,,,,,,,,GEO,06-08-2028,SpaceX,,Secure high-capacity communication,,,,,Optical,,N/A,,31,,52,8500,,ViT,"
"SAT094,SmartVision-18,,Earth Observation,,""740,98"",Earth observation satellite monitoring terrain and land conditions.,,,,,,,,,LEO,24-08-2028,NASA,,Intelligent image processing,,,,,Multispectral,,4 m,,20,,50,430,,CNN,"
"SAT095,TerraScan-34,,Earth Observation,,""1450,92"",Earth observation satellite designed for water-resource monitoring.,,,,,,,,,LEO,11-09-2028,ESA,,Terrain scanning,,,,,Infrared,,2 m,,23,,72,310,,LSTM,"
"SAT096,AquaWatch-20,,Earth Observation,,""1300,94"",Weather satellite observing climate and atmospheric conditions.,,,,,,,,,LEO,29-09-2028,ISRO,,Water monitoring,,,,,RF,,10 m,,26,,78,250,,Transformer,"
"SAT097,ClimateEye-26,,Weather,,""1050,91"",Communication satellite providing global connectivity.,,,,,,,,,LEO,17-10-2028,NOAA,,Climate observation,,,,,Optical,,N/A,,18,,81,230,,ResNet,"
"SAT098,GlobalScan-37,,Communication,,""60000,93"",Communication satellite providing global connectivity.,,,,,,,,,GEO,04-11-2028,SpaceX,,Global communication,,,,,Optical,,5 m,,30,,53,9500,,CNN,"
"SAT099,EARTH-97,,Earth Observation,,""900,87"",Earth observation satellite monitoring terrain and land conditions.,,,,,,,,,LEO,22-11-2028,NASA,,Earth surface analysis,,,,,Multispectral,,2.5m,,24,,49,320,,LSTM,"
"SAT100,Weather-97,,Weather,,""1200,76"",Weather satellite monitoring storms and atmospheric activity.,,,,,,,,,LEO,09-05-2028,ESA,,Weather mapping,,,,,Optical,,5m,,22,,51,280,,CNN,"
